[
    {
        "key": "group_60f7c6c843784",
        "title": "Custom Editor",
        "fields": [
            {
                "key": "field_60f7cf8771956",
                "label": "Heading Box",
                "name": "",
                "type": "tab",
                "instructions": "",
                "required": 0,
                "conditional_logic": 0,
                "wrapper": {
                    "width": "",
                    "class": "",
                    "id": ""
                },
                "placement": "top",
                "endpoint": 0
            },
            {
                "key": "field_60f7cc3e5e3e8",
                "label": "Heading",
                "name": "heading",
                "type": "radio",
                "instructions": "",
                "required": 0,
                "conditional_logic": 0,
                "wrapper": {
                    "width": "",
                    "class": "",
                    "id": ""
                },
                "choices": {
                    "h1": "h1",
                    "h2": "h2",
                    "h3": "h3",
                    "h4": "h4",
                    "h5": "h5",
                    "h6": "h6"
                },
                "allow_null": 0,
                "other_choice": 0,
                "default_value": "",
                "layout": "horizontal",
                "return_format": "value",
                "save_other_choice": 0
            },
            {
                "key": "field_60f7cc9d6b910",
                "label": "Heading Text",
                "name": "heading_text",
                "type": "text",
                "instructions": "",
                "required": 0,
                "conditional_logic": [
                    [
                        {
                            "field": "field_60f7cc3e5e3e8",
                            "operator": "!=empty"
                        }
                    ]
                ],
                "wrapper": {
                    "width": "",
                    "class": "",
                    "id": ""
                },
                "default_value": "",
                "placeholder": "",
                "prepend": "",
                "append": "",
                "maxlength": ""
            },
            {
                "key": "field_60f7cfa271957",
                "label": "Description Box With List style",
                "name": "",
                "type": "tab",
                "instructions": "",
                "required": 0,
                "conditional_logic": 0,
                "wrapper": {
                    "width": "",
                    "class": "",
                    "id": ""
                },
                "placement": "top",
                "endpoint": 0
            },
            {
                "key": "field_60f7ca42d794b",
                "label": "Choose",
                "name": "choose",
                "type": "radio",
                "instructions": "",
                "required": 0,
                "conditional_logic": 0,
                "wrapper": {
                    "width": "",
                    "class": "",
                    "id": ""
                },
                "choices": {
                    "Description": "Description",
                    "List Box": "List Box"
                },
                "allow_null": 0,
                "other_choice": 0,
                "default_value": "",
                "layout": "horizontal",
                "return_format": "value",
                "save_other_choice": 0
            },
            {
                "key": "field_60f7c70df5909",
                "label": "Description",
                "name": "description",
                "type": "wysiwyg",
                "instructions": "",
                "required": 0,
                "conditional_logic": [
                    [
                        {
                            "field": "field_60f7ca42d794b",
                            "operator": "==",
                            "value": "Description"
                        }
                    ]
                ],
                "wrapper": {
                    "width": "",
                    "class": "",
                    "id": ""
                },
                "default_value": "",
                "tabs": "all",
                "toolbar": "full",
                "media_upload": 1,
                "delay": 0
            },
            {
                "key": "field_60f7da3e7b5df",
                "label": "List Box With Link",
                "name": "list_box_with_link",
                "type": "repeater",
                "instructions": "",
                "required": 0,
                "conditional_logic": [
                    [
                        {
                            "field": "field_60f7ca42d794b",
                            "operator": "==",
                            "value": "List Box"
                        }
                    ]
                ],
                "wrapper": {
                    "width": "",
                    "class": "",
                    "id": ""
                },
                "collapsed": "",
                "min": 0,
                "max": 0,
                "layout": "table",
                "button_label": "",
                "sub_fields": [
                    {
                        "key": "field_60f7da3e7b5e0",
                        "label": "Text",
                        "name": "text",
                        "type": "link",
                        "instructions": "",
                        "required": 0,
                        "conditional_logic": 0,
                        "wrapper": {
                            "width": "",
                            "class": "",
                            "id": ""
                        },
                        "return_format": "array"
                    }
                ]
            },
            {
                "key": "field_60f7cfc271958",
                "label": "Image Icon Box",
                "name": "",
                "type": "tab",
                "instructions": "",
                "required": 0,
                "conditional_logic": 0,
                "wrapper": {
                    "width": "",
                    "class": "",
                    "id": ""
                },
                "placement": "top",
                "endpoint": 0
            },
            {
                "key": "field_60f7ce2142ea9",
                "label": "ICon Image",
                "name": "icon_image",
                "type": "radio",
                "instructions": "",
                "required": 0,
                "conditional_logic": 0,
                "wrapper": {
                    "width": "",
                    "class": "",
                    "id": ""
                },
                "choices": {
                    "Image": "Image",
                    "icon": "icon"
                },
                "allow_null": 0,
                "other_choice": 0,
                "default_value": "",
                "layout": "vertical",
                "return_format": "value",
                "save_other_choice": 0
            },
            {
                "key": "field_60f7ce3d42eab",
                "label": "Image",
                "name": "image",
                "type": "image",
                "instructions": "",
                "required": 0,
                "conditional_logic": [
                    [
                        {
                            "field": "field_60f7ce2142ea9",
                            "operator": "==",
                            "value": ""
                        }
                    ]
                ],
                "wrapper": {
                    "width": "",
                    "class": "",
                    "id": ""
                },
                "return_format": "array",
                "preview_size": "medium",
                "library": "all",
                "min_width": "",
                "min_height": "",
                "min_size": "",
                "max_width": "",
                "max_height": "",
                "max_size": "",
                "mime_types": ""
            },
            {
                "key": "field_60f7d0f2984e8",
                "label": "Image box",
                "name": "image_box",
                "type": "image",
                "instructions": "",
                "required": 0,
                "conditional_logic": [
                    [
                        {
                            "field": "field_60f7ce2142ea9",
                            "operator": "==",
                            "value": "Image"
                        }
                    ]
                ],
                "wrapper": {
                    "width": "",
                    "class": "",
                    "id": ""
                },
                "return_format": "array",
                "preview_size": "medium",
                "library": "all",
                "min_width": "",
                "min_height": "",
                "min_size": "",
                "max_width": "",
                "max_height": "",
                "max_size": "",
                "mime_types": ""
            },
            {
                "key": "field_60f7ecdd68c76",
                "label": "Icon list With Link",
                "name": "icon_list_with_link",
                "type": "repeater",
                "instructions": "",
                "required": 0,
                "conditional_logic": [
                    [
                        {
                            "field": "field_60f7ce2142ea9",
                            "operator": "==",
                            "value": "icon"
                        }
                    ]
                ],
                "wrapper": {
                    "width": "",
                    "class": "",
                    "id": ""
                },
                "collapsed": "",
                "min": 0,
                "max": 0,
                "layout": "table",
                "button_label": "",
                "sub_fields": [
                    {
                        "key": "field_60f7ecdd68c77",
                        "label": "Icon",
                        "name": "icon",
                        "type": "link",
                        "instructions": "",
                        "required": 0,
                        "conditional_logic": 0,
                        "wrapper": {
                            "width": "",
                            "class": "",
                            "id": ""
                        },
                        "return_format": "array"
                    }
                ]
            }
        ],
        "location": [
            [
                {
                    "param": "block",
                    "operator": "==",
                    "value": "acf\/footer-text-with-icon"
                }
            ]
        ],
        "menu_order": 0,
        "position": "normal",
        "style": "default",
        "label_placement": "top",
        "instruction_placement": "label",
        "hide_on_screen": "",
        "active": true,
        "description": ""
    }
]